3,518791,518792,518792,518791,518791,518792,518791,518793,518791,518792,518791,518791,518791,518791,518791,518791,518792,518791,518792,518792,518791,518791,518791,518791,518792,518791,518791,518791,518791,518792,518791,518791,518791,518791,518792,518792,518792,518791,518791,518791,518791,518791,518791,518791,518791,518792,518792,518792,518791,518791,518791,518791,518791,518791,518792,518792,518792,518792,518792,518792,518792,518792,518792,518791,518791,518791,518791,518791,518791,518791,518791,518792,518791,518791,518791,518791,518791,518792,518791,518792,518791,518791,518791,518791,518791,518791,518791,518791,518791,518791,518791,518791,518792,518791,518791,518792,518791,518791,518791,518793,518791,518792,518791,518791,518792,518791,518791,518791,518791,518791,518791,518791,518792,518791,518792,518791,518791,518791,518791,518792,518791,518792,518791,518791,518791,518791,518792,518791,518792,518792,518792,518792,518791,518791,518792,518791,518791,518792,518791,518791,518791,518791,518791,518791,518791,518791,518791,518791,518791,518791,518791,518791,518791,518791,518791,518791,518792,518791,518791,518791,518791,518791,518792,518791,518792,518792,518791,518792,518792,518792,518791,518791,518792,518791,518791,518791,518792,518791,518791,518791,518791,518792,518791,518791,518791,518791,518791,518791,518791,518792,518791,518791,518791,518791,518791,518791,518791,518791,518791,518793,518791,518792,518791,518791,518791,518791,518792,518792,518792,518791,518791,518791,518791,518791,518791,518791,518791,518792,518792,518791,518792,518791,518791,518791,518791,518791,518791,518791,518791,518791,518791,518791,518791,518791,518792,518792,518792,518792,518792,518792,518791,518791,518791,518791,518791,518792,518791,518791,518792,518792,518791,518791,518792,518791,518791,518792,518792,518791,518791,518791,518791,518791,518791,518791,518791,518791,518791,518791,518792,518791,518791,518791,518791,518791,518791,518791,518791,518791,518791,518791,518791,518792,518799,518793,518792,518791,518792,518791,518791,518791,518791,518792,518792,518791,518791,518791,518791,518792,518792,518792,1351,1351,1351,1350,1350,1351,1351,1351,1351,1351,1350,1351,1351,1350,1350,1351,1350,1350,1351,1350,1350,1350,1351,1350,1351,1351,1351,1351,1350,1351,1351,1351,1350,1351,1350,1351,1351,1351,1351,1351,1351,1350,1351,1351,1350,1351,1351,1350,1350,1351,1351,1351,1351,1351,1350,1350,1351,1351,1351,1350,1350,1351,1351,1351,1350,1350,1351,1350,1350,1350,1351,1351,1351,1351,1350,1350,1351,1350,1350,1350,1351,1350,1351,1351,1351,1350,1351,1350,1350,1351,1350,1351,1351,1350,1351,1350,1350,1351,1350,1351,1351,1351,1351,1351,1350,1351,1351,1350,1350,1351,1351,1351,1351,1351,1350,1351,1351,1350,1350,1351,1351,1351,1351,1351,1351,1351,1351,1350,1351,1350,1350,1351,1351,1351,1350,1351,1350,1350,1350,1350,1350,1350,1351,1350,1351,1351,1351,1351,1351,1351,1351,1351,1351,1350,1350,1351,1351,1351,1351,1351,1350,1351,1350,1351,1351,1350,1351,1351,1350,1351,1351,1351,1351,1350,1351,1351,1350,1350,1351,1350,1351,1351,1351,1351,1350,1350,1351,1351,1351,1350,1350,1350,1351,1350,1351,1351,1350,1351,1350,1350,1350,1351,1350,1351,1351,1350,1350,1351,1351,1350,1351,1350,1350,1350,1351,1350,1351,1350,1350,1351,1350,1351,1350,1351,1351,1351,1351,1351,1350,1351,1351,1351,1350,1350,1351,1351,1351,1351,1350,1351,1351,1350,1350,1351,1351,1350,1351,1350,1351,1350,1351,1351,1350,1350,1351,1350,1351,1350,1350,1351,1350,1350,1350,1351,1350,1351,1351,1351,1350,1350,1351,1351,1351,1351,1351,1350,1350,1350,1350,1351,1351,1350,1350,1351,1351,1350,1351,1351,1351,1350,1351,1351,1350,1352,1351,1351,1351,1350,1350,1351,1350,1351,1351,1351,1350,1351,1351,1351,1351,1351,1351,1350,1351,1351,1351,1351,1350,1351,1350,1351,1350,1351,1351,1350,1351,1351,1350,1350,1350,1351,1351,1351,1351,1350,1351,1350,1351,1350,1351,1351,1351,1351,1350,1350,1350,1350,1351,1350,1350,1351,1351,1350,1351,1350,1350,1350,1350,1351,1351,1350,1350,1350,1351,1351,1351,1351,1351,1351,1351,1351,1351,1350,1351,1351,1351,1351,1350,1350,1351,1350,1350,1350,1350,1351,1351,1350,13568,4121,4121,4121,4120,4120,4120,4121,4120,4120,4121,4120,4120,4120,4121,4121,4121,4120,4121,4120,4120,4120,4121,4121,4121,4120,4121,4120,4122,4120,4121,4121,4121,4121,4121,4121,4121,4120,4121,4121,4121,4121,4121,4121,4120,4121,4121,4121,4121,4120,4121,41210,4120,4120,4120,4121,4121,4120,4121,4120,4121,4121,4120,4121,4120,4120,4120,4121,4121,4121,4121,4120,4121,4121,4121,4121,4121,4120,4120,4121,4121,4121,4120,4121,4121,4120,4121,4121,4121,4121,4121,4121,4120,4121,4121,4121,4121,4121,4121,4120,4121,4121,4121,4120,4120,4121,4120,4120,4121,4120,4120,4120,4121,4120,4121,4121,4120,4121,4121,4121,4120,4120,4120,4120,4121,4120,4121,4120,4121,4120,4120,4120,4120,4121,4121,4121,4121,4120,4122,4122,4121,4121,4120,4120,4121,4121,4121,4121,4121,4121,4121,4120,412325,412225,41222,412121,4121,4120,4120,4121,4121,4121,4120,4121,4120,4120,4121,4120,4121,4121,4121,4120,4120,4121,4120,4120,4121,4121,4121,4121,4121,4121,4121,4121,4121,4121,4121,4121,4121,4120,4120,4121,4121,4121,4121,4121,4121,4120,4121,4121,4121,4120,4121,4120,4120,4120,4120,4121,4120,4121,4121,4120,4120,4120,4121,4121,4121,4120,4121,4121,4121,4121,4121,4120,4121,4121,4121,4121,4121,4121,4121,4121,4121,4121,4120,4121,4121,4121,4121,4121,4121,4120,4121,4121,4121,4120,4121,4121,4121,4121,4121,4120,4121,4121,4121,4120,4121,4121,4121,4121,4120,4121,4121,4120,4120,4120,4120,4120,4120,4121,4120,4121,4120,4121,4121,4121,4121,4121,4121,4121,4120,4120,4121,4121,4121,4122,4120,4121,4121,4120,4121,4121,4120,4121,4121,4120,4120,4121,4121,4120,4120,4121,4121,4121,4121,4120,4120,4121,4121,4120,4120,4120,4120,4120,4121,4120,4121,4121,4121,4120,4120,4121,4120,4121,4121,4120,4121,4121,4121,4121,4120,4121,4121,4121,4121,4121,4121,4121,4121,4121,4120,4121,4121,4121,4120,4121,4120,4120,4120,4120,4120,4121,4121,4121,4120,4121,4121,4121,4120,4120,4120,4120,4120,4121,4121,4120,4121,4120,4121,4120,4121,4120,4121,4121,4121,4121,4121,4121,4120,4120,4121,4121,4121,4121,4121,4121,4120,4120,4120,4120,4121,4120,4121,4120,4121,4121,4121,4121,4120,4120,4121,4120,4121,4120,4121,4121,4120,4120,4120,4121,4121,4120,4121,4121,4121,4120,4121,4120,4121,4120,4121,4121,4120,4121,4121,4121,4120,4120,4121,4121,4120,4121,4120,4121,4121,4120,4120,4120,4121,4121,4121,4121,4120,4121,4120,4120,4120,4120,4120,4121,4120,4120,4121,4121,4121,4121,4121,4120,4121,4120,4120,4121,4121,4120,4121,4121,4121,4121,4121,4121,4121,4121,4121,4120,4120,4120,4120,4120,4121,4120,4120,4120,41253,559921237,559921149,55992167,5599217,559921295,559921574,559921768,55992116,55992175,559921242,559921408,559921316,559921239,559921153,55992168,559921570,559921771,559921849,559921212,559921121,55992146,5599218,559921489,559921619,559921530,559921482,559921397,559921805,559921861,559921267,559921456,559921648,559921556,559921464,559921767,559921681,559921587,559921974,5599211172,5599211090,5599211002,559921918,559921838,5599211414,5599211329,5599211244,5599211174,5599211084,5599211514,5599211424,5599211340,5599211790,5599211718,5599212004,5599212055,5599212213,5599212125,5599212036,5599211980,5599211891,5599211804,5599212231,5599212437,5599212357,5599212272,5599212187,5599212103,5599212530,5599212441,5599212355,5599212270,5599212182,5599212098,5599212019,5599211932,5599212556,5599218,5599219,559921140,559921296,559921487,559921641,559921588,559921504,559921798,559921716,559921625,559921542,559921454,559921364,559921273,559921183,55992193,55992113,559921594,559921505,559921413,559921318,559921772,559921679,559921986,559921304,559921527,559921437,559921347,559921668,559921834,559921769,559921687,559921599,559921518,559921967,559921882,559921794,5599219,559921123,55992132,5599217,559921335,559921527,559921456,559921366,559921283,559921629,559921532,559921449,559921354,559921769,559921953,5599211117,559921273,559921444,559921582,559921548,559921462,559921372,559921282,559921650,559921798,559921725,559921638,559921880,559921787,559921708,5599211029,559921941,559921853,559921769,559921692,5599211128,5599211039,559921955,5599219,5599217,55992194,5599218,559921278,559921188,55992196,5599219,559921385,559921788,559921700,559921615,559921532,559921454,559921371,559921286,559921836,5599211086,559921997,5599211167,5599211075,559921986,5599211413,5599211333,5599211256,5599211165,5599211077,5599211502,5599211414,5599211324,5599211648,5599211558,5599211879,5599211788,5599211901,5599212126,5599212037,5599211963,5599211874,5599211782,5599211693,5599211607,5599212153,5599212068,5599211981,5599211887,5599211795,5599211704,5599211616,5599211530,5599211437,5599211351,5599211255,5599213564,5599213485,5599213396,5599213568,5599213759,5599213664,5599213587,5599213494,5599213407,5599213311,55992188,55992149,559921262,559921524,559921715,559921432,559921644,559921566,559921479,559921390,559921303,559921219,559921711,559921661,559921818,5599211048,559921960,559921867,559921778,559921686,5599211110,5599211017,5599211428,5599211607,5599211521,5599211430,5599211354,5599211820,5599211727,5599211632,5599211546,5599211450,5599211906,5599211814,55992112,5599217,5599218,559921367,559921474,559921588,559921555,559921727,559921644,559921554,559921912,559921866,559921772,559921677,559921584,559921958,559921865,559921782,559921697,5599211156,5599211255,559921341,5599218,55992110,559921161,559921449,559921552,559921480,559921393,559921698,5599211076,5599211171,5599211077,559921995,559921916,559921828,559921738,5599211278,5599211323,5599211258,5599211168,5599211082,559921994,5599211411,5599211552,5599211737,5599211837,5599211744,559921316,559921492,559921670,559921593,559921514,559921822,559921732,559921639,559921526,559921442,559921349,559921261,559921174,55992191,559921639,559921848,559921814,5599211052,559921959,559921869,559921780,559921690,5599211111,5599211033,559921942,559921857,559921765,559921674,559921586,5599211103,5599211029,559921345,1302333538,1302333507,1302333427,1302333345,1302333330,1302333862,13023331135,13023331580,13023331829,13023332107,13023332387,13023332759,13023332901,13023333214,13023333522,13023333441,13023333847,13023333765,13023333688,13023333613,13023334165,13023334558,13023334748,13023335251,13023335509,13023335774,13023336038,13023335971,13023335891,13023336711,13023336870,13023337252,13023337791,13023337712,13023337627,13023338380,13023338303,13023338223,13023338787,13023338935,13023339113,1302333307,1302333404,1302333942,1302333863,1302333787,13023331247,13023331168,13023331090,13023331014,1302333944,13023331565,13023331481,13023331918,13023332495,1302333553,1302333473,1302333919,13023331318,13023331501,13023331430,13023331922,13023331847,13023332269,13023333952,13023334255,13023334179,13023334102,13023334959,13023334887,13023335283,13023335504,13023335469,13023335398,13023335836,13023335766,13023335699,13023335619,13023336233,13023336155,13023336079,13023336588,13023337059,13023336985,13023337430,13023337596,13023335785,13023336235,13023336264,13023336289,13023336917,13023337463,13023337483,13023337551,13023338456,13023338474,13023339260,13023339329,13023339344,13023339363,13023339382,130233318,1302333241,1302333269,1302333655,13023331026,1302333944,1302333909,13023331574,1302333256,1302333544,1302333756,13023331148,13023331066,13023331470,13023331389,13023331815,13023331768,13023332196,13023332114,13023332036,13023331959,13023331880,13023332470,13023332399,13023332861,13023332989,13023333346,13023333269,13023333945,13023333861,13023334430,13023334741,13023334663,13023334585,13023335421,13023335340,13023335277,13023335770,13023335711,13023335632,13023336197,13023336172,13023336100,13023336637,13023336587,13023337104,13023337058,13023336988,13023336912,13023337658,13023337575,13023338163,13023338085,13023338555,13023338877,13023339117,13023339465,13023339588,13023339926,130233310211,130233310584,130233310502,130233310921,130233311392,130233311336,130233311261,130233311181,130233311102,130233311760,130233312164,130233312088,130233312487,130233312731,130233313095,130233313015,130233313373,130233313293,130233313216,130233313682,130233313599,130233313525,130233314074,130233314012,130233314559,130233318,1302333156,130233377,1302333731,13023331120,13023331351,13023331655,13023331586,13023331520,13023332055,13023331972,13023331900,13023332483,13023332804,13023332984,13023333473,13023333811,13023333753,13023334380,13023334301,13023334869,1302333501,1302333850,1302333145,1302333568,1302333855,13023331159,13023331091,13023331016,13023331562,13023331729,13023331671,13023331600,13023331531,13023332128,13023332053,13023331975,13023332554,13023332490,13023332413,13023332336,1302333577,1302333939,1302333859,13023331364,13023331294,13023331219,13023331722,13023331646,13023331569,13023332122,13023332310,13023332234,13023332162,13023332079,13023332014,13023332935,13023332859,13023332790,13023332717,13023332642,13023333365,13023333289,13023333213,13023333138,13023333949,13023333875,13023333810,13023334562,13023334491,13023334979,13023334912,13023335386,13023335323,13023335259,13023335186,13023335760,13023335688,13023335618,13023335544,13023336131,13023336053,13023335983,13023335913,1302333113,1302333417,1302333676,1302333871,1302333794,1302333713,13023331458,13023331785,13023331958,13023332330,13023332563,13023332492,13023332951,13023332874,13023333320,13023333680,13023334102,13023334378,13023334299,13023334946,13023334871,13023334798,13023334719,13023336794,13023336719,13023336999,13023336924,13023337417,13023337592,13023337986,13023338546,13023338459,13023338380,13023338305,13023338869,13023339045,13023339396,13023339608,130233310022,130233310371,130233310710,130233310671,130233311214,130233311534,130233311818,130233312118,130233312387,130233312663,130233312935,130233313100,130233313411,130233313769,130233314054,130233314245,130233314167,130233314630,130233314810,130233314736,130233315224,130233315141,130233315794,130233315712,130233315661,130233315584,130233316097,130233316432,130233316347,130233316725,130233316644,130233317072,130233315301,130233315321,130233315342,130233316502,130233316813,130233316832,130233317484,130233317971,130233318144,130233318163,130233318183,130233318202,130233318221,130233318992,130233319108,130233319129,130233319808,130233320135,130233320662,130233321203,130233321564,130233321932,130233322287,130233322591,1302333356,1302333727,1302333650,1302333573,1302333500,1302333422,13023331006,1302333941,1302333866,13023331415,13023331744,13023331669,13023332089,1302333637,1302333776,1302333688,1302333619,1302333548,13023331140,13023331056,1302333982,1302333900,13023331467,13023331672,13023332219,13023332137,13023332571,13023332499,13023332984,13023333197,13023333119,13023333037,13023332959,13023333558,13023333851,13023333783,13023334242,13023334165,13023334094,13023334608,13023334535,13023334460,1302333232,1302333439,1302333729,1302333652,1302333581,1302333522,13023331083,13023331014,1302333941,1302333868,13023331816,13023331740,13023331674,13023331607,13023332185,13023332683,13023332605,13023332532,13023332457,13023333305,13023333229,13023333154,13023333077,13023333009,13023333580,13023333899,13023334243,13023334171,13023334096,13023334594,13023335118,13023335456,13023335376,13023335778,13023336248,130233373,1302333678,13023331073,13023331064,1302333986,13023331417,13023331868,13023331793,13023332215,13023332298,13023332235,13023332713,13023332631,13023332560,13023332483,13023333067,13023333471,13023333391,13023333852,13023333804,13023334078,13023333994,13023334663,13023334595,13023335072,13023335005,13023334925,13023334839,13023335438,13023335838,13023335760,13023336166,13023336685,13023336622,13023336985,13023337612,13023337537,13023337464,13023338017,13023337937,13023337868,13023338502,13023338423,13023339007,13023339289,13023339616,13023339540,130233310308,130233310563,130233310486,130233310821,130233310798,130233311442,130233311728,130233312103,130233312021,130233311957,130233312373,130233312761,130233312688,130233312614,130233313189,130233313361,130233313750,130233313671,130233313976,130233314521,130233314442,130233314391,130233314884,130233315159,130233315106,130233315542,130233315462,130233315394,130233315318,130233315247,130233315881,130233315811,130233316515,130233316440,130233316828,130233316756,130233316680,130233317234,1302333XXXXXXXXX,XXXXXXXXX1423189399823,36,HTTP Request,200,OK,Thread Group 1-2,text,true,343,2,2,36
1423189399773,86,HTTP Request,200,OK,Thread Group 1-1,text,true,343,2,2,86
1423189399923,2,HTTP Request,200,OK,Thread Group 1-3,text,true,343,1,1,2
1423189400022,2,HTTP Request,200,OK,Thread Group 1-4,text,true,343,1,1,2
1423189400123,2,HTTP Request,200,OK,Thread Group 1-5,text,true,343,1,1,2
1423189400223,2,HTTP Request,200,OK,Thread Group 1-6,text,true,343,1,1,2
1423189400321,2,HTTP Request,200,OK,Thread Group 1-7,text,true,343,1,1,2
1423189400424,3,HTTP Request,200,OK,Thread Group 1-8,text,true,343,1,1,3
1423189400524,3,HTTP Request,200,OK,Thread Group 1-9,text,true,343,1,1,3
1423189400625,2,HTTP Request,200,OK,Thread Group 1-10,text,true,343,1,1,2
1423189400725,3,HTTP Request,200,OK,Thread Group 1-11,text,true,343,1,1,3
1423189400826,2,HTTP Request,200,OK,Thread Group 1-12,text,true,343,1,1,2
1423189400925,3,HTTP Request,200,OK,Thread Group 1-13,text,true,343,1,1,3
1423189401026,2,HTTP Request,200,OK,Thread Group 1-14,text,true,343,1,1,2
1423189401126,2,HTTP Request,200,OK,Thread Group 1-15,text,true,343,1,1,2
1423189401226,2,HTTP Request,200,OK,Thread Group 1-16,text,true,343,1,1,2
1423189401325,2,HTTP Request,200,OK,Thread Group 1-17,text,true,343,1,1,2
1423189401423,2,HTTP Request,200,OK,Thread Group 1-18,text,true,343,1,1,2
1423189401529,2,HTTP Request,200,OK,Thread Group 1-19,text,true,343,1,1,2
1423189401626,2,HTTP Request,200,OK,Thread Group 1-20,text,true,343,1,1,2
1423189401725,3,HTTP Request,200,OK,Thread Group 1-21,text,true,343,1,1,3
1423189401826,2,HTTP Request,200,OK,Thread Group 1-22,text,true,343,1,1,2
1423189401925,2,HTTP Request,200,OK,Thread Group 1-23,text,true,343,1,1,2
1423189402025,2,HTTP Request,200,OK,Thread Group 1-24,text,true,343,1,1,2
1423189402124,3,HTTP Request,200,OK,Thread Group 1-25,text,true,343,1,1,2
1423189402228,2,HTTP Request,200,OK,Thread Group 1-26,text,true,343,1,1,2
1423189402324,2,HTTP Request,200,OK,Thread Group 1-27,text,true,343,1,1,2
1423189402424,2,HTTP Request,200,OK,Thread Group 1-28,text,true,343,1,1,2
1423189402528,2,HTTP Request,200,OK,Thread Group 1-29,text,true,343,1,1,2
1423189402628,2,HTTP Request,200,OK,Thread Group 1-30,text,true,343,1,1,2
1423189402729,2,HTTP Request,200,OK,Thread Group 1-31,text,true,343,1,1,2
1423189402829,2,HTTP Request,200,OK,Thread Group 1-32,text,true,343,1,1,2
1423189402929,2,HTTP Request,200,OK,Thread Group 1-33,text,true,343,1,1,2
1423189403029,2,HTTP Request,200,OK,Thread Group 1-34,text,true,343,1,1,2
1423189403129,2,HTTP Request,200,OK,Thread Group 1-35,text,true,343,1,1,2
1423189403229,1,HTTP Request,200,OK,Thread Group 1-36,text,true,343,1,1,1
1423189403329,2,HTTP Request,200,OK,Thread Group 1-37,text,true,343,1,1,2
1423189403429,2,HTTP Request,200,OK,Thread Group 1-38,text,true,343,1,1,2
1423189403529,3,HTTP Request,200,OK,Thread Group 1-39,text,true,343,1,1,3
1423189403629,2,HTTP Request,200,OK,Thread Group 1-40,text,true,343,1,1,2
1423189403733,3,HTTP Request,200,OK,Thread Group 1-41,text,true,343,1,1,3
1423189403829,3,HTTP Request,200,OK,Thread Group 1-42,text,true,343,1,1,3
1423189403928,2,HTTP Request,200,OK,Thread Group 1-43,text,true,343,1,1,2
1423189404031,2,HTTP Request,200,OK,Thread Group 1-44,text,true,343,1,1,2
1423189404136,2,HTTP Request,200,OK,Thread Group 1-45,text,true,343,1,1,2
1423189404235,2,HTTP Request,200,OK,Thread Group 1-46,text,true,343,1,1,2
1423189404329,2,HTTP Request,200,OK,Thread Group 1-47,text,true,343,1,1,2
1423189404436,3,HTTP Request,200,OK,Thread Group 1-48,text,true,343,1,1,3
1423189404537,2,HTTP Request,200,OK,Thread Group 1-49,text,true,343,1,1,2
1423189404636,2,HTTP Request,200,OK,Thread Group 1-50,text,true,343,1,1,2
1423189404736,2,HTTP Request,200,OK,Thread Group 1-51,text,true,343,1,1,2
1423189404835,2,HTTP Request,200,OK,Thread Group 1-52,text,true,343,1,1,2
1423189404934,3,HTTP Request,200,OK,Thread Group 1-53,text,true,343,1,1,3
1423189405034,2,HTTP Request,200,OK,Thread Group 1-54,text,true,343,1,1,2
1423189405134,2,HTTP Request,200,OK,Thread Group 1-55,text,true,343,1,1,2
1423189405234,2,HTTP Request,200,OK,Thread Group 1-56,text,true,343,1,1,2
1423189405333,3,HTTP Request,200,OK,Thread Group 1-57,text,true,343,1,1,3
1423189405433,2,HTTP Request,200,OK,Thread Group 1-58,text,true,343,1,1,2
1423189405537,3,HTTP Request,200,OK,Thread Group 1-59,text,true,343,1,1,3
1423189405633,2,HTTP Request,200,OK,Thread Group 1-60,text,true,343,1,1,2
1423189405739,2,HTTP Request,200,OK,Thread Group 1-61,text,true,343,1,1,2
1423189405839,2,HTTP Request,200,OK,Thread Group 1-62,text,true,343,1,1,2
1423189405939,3,HTTP Request,200,OK,Thread Group 1-63,text,true,343,1,1,3
1423189406035,3,HTTP Request,200,OK,Thread Group 1-64,text,true,343,1,1,3
1423189406140,2,HTTP Request,200,OK,Thread Group 1-65,text,true,343,1,1,2
1423189406240,2,HTTP Request,200,OK,Thread Group 1-66,text,true,343,1,1,2
1423189406340,2,HTTP Request,200,OK,Thread Group 1-67,text,true,343,1,1,2
1423189406439,3,HTTP Request,200,OK,Thread Group 1-68,text,true,343,1,1,3
1423189406539,2,HTTP Request,200,OK,Thread Group 1-69,text,true,343,1,1,2
1423189406639,2,HTTP Request,200,OK,Thread Group 1-70,text,true,343,1,1,2
1423189406739,2,HTTP Request,200,OK,Thread Group 1-71,text,true,343,1,1,2
1423189406842,3,HTTP Request,200,OK,Thread Group 1-72,text,true,343,1,1,2
1423189406943,2,HTTP Request,200,OK,Thread Group 1-73,text,true,343,1,1,2
1423189407043,2,HTTP Request,200,OK,Thread Group 1-74,text,true,343,1,1,2
1423189407144,2,HTTP Request,200,OK,Thread Group 1-75,text,true,343,1,1,2
1423189407244,2,HTTP Request,200,OK,Thread Group 1-76,text,true,343,1,1,2
1423189407343,2,HTTP Request,200,OK,Thread Group 1-77,text,true,343,1,1,2
1423189407445,2,HTTP Request,200,OK,Thread Group 1-78,text,true,343,1,1,2
1423189407551,2,HTTP Request,200,OK,Thread Group 1-79,text,true,343,1,1,2
1423189407641,3,HTTP Request,200,OK,Thread Group 1-80,text,true,343,1,1,3
1423189407744,3,HTTP Request,200,OK,Thread Group 1-81,text,true,343,1,1,3
1423189407844,2,HTTP Request,200,OK,Thread Group 1-82,text,true,343,1,1,2
1423189407944,2,HTTP Request,200,OK,Thread Group 1-83,text,true,343,1,1,2
1423189408045,2,HTTP Request,200,OK,Thread Group 1-84,text,true,343,1,1,2
1423189408144,2,HTTP Request,200,OK,Thread Group 1-85,text,true,343,1,1,2
1423189408243,2,HTTP Request,200,OK,Thread Group 1-86,text,true,343,1,1,2
1423189408343,2,HTTP Request,200,OK,Thread Group 1-87,text,true,343,1,1,2
1423189408443,2,HTTP Request,200,OK,Thread Group 1-88,text,true,343,1,1,2
1423189408547,2,HTTP Request,200,OK,Thread Group 1-89,text,true,343,1,1,2
1423189408643,2,HTTP Request,200,OK,Thread Group 1-90,text,true,343,1,1,2
1423189408747,3,HTTP Request,200,OK,Thread Group 1-91,text,true,343,1,1,3
1423189408842,2,HTTP Request,200,OK,Thread Group 1-92,text,true,343,1,1,2
1423189408945,2,HTTP Request,200,OK,Thread Group 1-93,text,true,343,1,1,2
1423189409047,2,HTTP Request,200,OK,Thread Group 1-94,text,true,343,1,1,2
1423189409145,3,HTTP Request,200,OK,Thread Group 1-95,text,true,343,1,1,3
1423189409244,2,HTTP Request,200,OK,Thread Group 1-96,text,true,343,1,1,2
1423189409349,2,HTTP Request,200,OK,Thread Group 1-97,text,true,343,1,1,2
1423189409449,2,HTTP Request,200,OK,Thread Group 1-98,text,true,343,1,1,2
1423189409549,2,HTTP Request,200,OK,Thread Group 1-99,text,true,343,1,1,2
1423189409648,3,HTTP Request,200,OK,Thread Group 1-100,text,true,343,1,1,2
1423189415378,3,HTTP Request,200,OK,Thread Group 1-1,text,true,343,1,1,3
1423189415483,2,HTTP Request,200,OK,Thread Group 1-2,text,true,343,1,1,2
1423189415584,2,HTTP Request,200,OK,Thread Group 1-3,text,true,343,1,1,2
1423189415680,2,HTTP Request,200,OK,Thread Group 1-4,text,true,343,1,1,2
1423189415783,2,HTTP Request,200,OK,Thread Group 1-5,text,true,343,1,1,2
1423189415883,2,HTTP Request,200,OK,Thread Group 1-6,text,true,343,1,1,2
1423189415978,2,HTTP Request,200,OK,Thread Group 1-7,text,true,343,1,1,2
1423189416084,2,HTTP Request,200,OK,Thread Group 1-8,text,true,343,1,1,2
1423189416181,2,HTTP Request,200,OK,Thread Group 1-9,text,true,343,1,1,2
1423189416284,2,HTTP Request,200,OK,Thread Group 1-10,text,true,343,1,1,2
1423189416384,2,HTTP Request,200,OK,Thread Group 1-11,text,true,343,1,1,2
1423189416483,2,HTTP Request,200,OK,Thread Group 1-12,text,true,343,1,1,2
1423189416580,2,HTTP Request,200,OK,Thread Group 1-13,text,true,343,1,1,2
1423189416679,2,HTTP Request,200,OK,Thread Group 1-14,text,true,343,1,1,2
1423189416784,2,HTTP Request,200,OK,Thread Group 1-15,text,true,343,1,1,2
1423189416885,2,HTTP Request,200,OK,Thread Group 1-16,text,true,343,1,1,2
1423189416981,2,HTTP Request,200,OK,Thread Group 1-17,text,true,343,1,1,2
1423189417083,2,HTTP Request,200,OK,Thread Group 1-18,text,true,343,1,1,2
1423189417185,2,HTTP Request,200,OK,Thread Group 1-19,text,true,343,1,1,2
1423189417285,2,HTTP Request,200,OK,Thread Group 1-20,text,true,343,1,1,2
1423189417385,3,HTTP Request,200,OK,Thread Group 1-21,text,true,343,1,1,3
1423189417485,2,HTTP Request,200,OK,Thread Group 1-22,text,true,343,1,1,2
1423189417586,2,HTTP Request,200,OK,Thread Group 1-23,text,true,343,1,1,2
1423189417685,2,HTTP Request,200,OK,Thread Group 1-24,text,true,343,1,1,2
1423189417783,2,HTTP Request,200,OK,Thread Group 1-25,text,true,343,1,1,2
1423189417886,2,HTTP Request,200,OK,Thread Group 1-26,text,true,343,1,1,2
1423189417986,2,HTTP Request,200,OK,Thread Group 1-27,text,true,343,1,1,2
1423189418085,2,HTTP Request,200,OK,Thread Group 1-28,text,true,343,1,1,2
1423189418182,3,HTTP Request,200,OK,Thread Group 1-29,text,true,343,1,1,3
1423189418285,2,HTTP Request,200,OK,Thread Group 1-30,text,true,343,1,1,2
1423189418385,2,HTTP Request,200,OK,Thread Group 1-31,text,true,343,1,1,2
1423189418485,2,HTTP Request,200,OK,Thread Group 1-32,text,true,343,1,1,2
1423189418585,2,HTTP Request,200,OK,Thread Group 1-33,text,true,343,1,1,2
1423189418684,2,HTTP Request,200,OK,Thread Group 1-34,text,true,343,1,1,2
1423189418784,2,HTTP Request,200,OK,Thread Group 1-35,text,true,343,1,1,2
1423189418884,3,HTTP Request,200,OK,Thread Group 1-36,text,true,343,1,1,3
1423189418984,2,HTTP Request,200,OK,Thread Group 1-37,text,true,343,1,1,2
1423189419087,2,HTTP Request,200,OK,Thread Group 1-38,text,true,343,1,1,2
1423189419184,2,HTTP Request,200,OK,Thread Group 1-39,text,true,343,1,1,2
1423189419284,2,HTTP Request,200,OK,Thread Group 1-40,text,true,343,1,1,2
1423189419383,3,HTTP Request,200,OK,Thread Group 1-41,text,true,343,1,1,3
1423189419488,2,HTTP Request,200,OK,Thread Group 1-42,text,true,343,1,1,2
1423189419585,2,HTTP Request,200,OK,Thread Group 1-43,text,true,343,1,1,2
1423189419684,2,HTTP Request,200,OK,Thread Group 1-44,text,true,343,1,1,2
1423189419784,2,HTTP Request,200,OK,Thread Group 1-45,text,true,343,1,1,2
1423189419888,2,HTTP Request,200,OK,Thread Group 1-46,text,true,343,1,1,2
1423189419987,2,HTTP Request,200,OK,Thread Group 1-47,text,true,343,1,1,2
1423189420087,2,HTTP Request,200,OK,Thread Group 1-48,text,true,343,1,1,2
1423189420184,2,HTTP Request,200,OK,Thread Group 1-49,text,true,343,1,1,2
1423189420289,2,HTTP Request,200,OK,Thread Group 1-50,text,true,343,1,1,2
1423189420386,3,HTTP Request,200,OK,Thread Group 1-51,text,true,343,1,1,3
1423189420490,2,HTTP Request,200,OK,Thread Group 1-52,text,true,343,1,1,2
1423189420585,2,HTTP Request,200,OK,Thread Group 1-53,text,true,343,1,1,2
1423189420685,2,HTTP Request,200,OK,Thread Group 1-54,text,true,343,1,1,2
1423189420787,3,HTTP Request,200,OK,Thread Group 1-55,text,true,343,1,1,3
1423189420885,2,HTTP Request,200,OK,Thread Group 1-56,text,true,343,1,1,2
1423189420985,2,HTTP Request,200,OK,Thread Group 1-57,text,true,343,1,1,2
1423189421090,2,HTTP Request,200,OK,Thread Group 1-58,text,true,343,1,1,2
1423189421189,2,HTTP Request,200,OK,Thread Group 1-59,text,true,343,1,1,2
1423189421289,3,HTTP Request,200,OK,Thread Group 1-60,text,true,343,1,1,2
1423189421389,2,HTTP Request,200,OK,Thread Group 1-61,text,true,343,1,1,2
1423189421489,2,HTTP Request,200,OK,Thread Group 1-62,text,true,343,1,1,2
1423189421589,3,HTTP Request,200,OK,Thread Group 1-63,text,true,343,1,1,2
1423189421689,2,HTTP Request,200,OK,Thread Group 1-64,text,true,343,1,1,2
1423189421789,2,HTTP Request,200,OK,Thread Group 1-65,text,true,343,1,1,2
1423189421889,2,HTTP Request,200,OK,Thread Group 1-66,text,true,343,1,1,2
1423189421986,2,HTTP Request,200,OK,Thread Group 1-67,text,true,343,1,1,2
1423189422091,3,HTTP Request,200,OK,Thread Group 1-68,text,true,343,1,1,3
1423189422192,2,HTTP Request,200,OK,Thread Group 1-69,text,true,343,1,1,2
1423189422293,2,HTTP Request,200,OK,Thread Group 1-70,text,true,343,1,1,2
1423189422393,2,HTTP Request,200,OK,Thread Group 1-71,text,true,343,1,1,2
1423189422501,2,HTTP Request,200,OK,Thread Group 1-72,text,true,343,1,1,2
1423189422592,2,HTTP Request,200,OK,Thread Group 1-73,text,true,343,1,1,2
1423189422692,2,HTTP Request,200,OK,Thread Group 1-74,text,true,343,1,1,2
1423189422792,2,HTTP Request,200,OK,Thread Group 1-75,text,true,343,1,1,2
1423189422892,3,HTTP Request,200,OK,Thread Group 1-76,text,true,343,1,1,3
1423189422991,3,HTTP Request,200,OK,Thread Group 1-77,text,true,343,1,1,3
1423189423093,2,HTTP Request,200,OK,Thread Group 1-78,text,true,343,1,1,2
1423189423191,3,HTTP Request,200,OK,Thread Group 1-79,text,true,343,1,1,3
1423189423290,2,HTTP Request,200,OK,Thread Group 1-80,text,true,343,1,1,2
1423189423390,2,HTTP Request,200,OK,Thread Group 1-81,text,true,343,1,1,2
1423189423490,2,HTTP Request,200,OK,Thread Group 1-82,text,true,343,1,1,2
1423189423589,3,HTTP Request,200,OK,Thread Group 1-83,text,true,343,1,1,3
1423189423690,2,HTTP Request,200,OK,Thread Group 1-84,text,true,343,1,1,2
1423189423795,2,HTTP Request,200,OK,Thread Group 1-85,text,true,343,1,1,2
1423189423890,2,HTTP Request,200,OK,Thread Group 1-86,text,true,343,1,1,2
1423189423993,2,HTTP Request,200,OK,Thread Group 1-87,text,true,343,1,1,2
1423189424093,3,HTTP Request,200,OK,Thread Group 1-88,text,true,343,1,1,3
1423189424195,2,HTTP Request,200,OK,Thread Group 1-89,text,true,343,1,1,2
1423189424295,2,HTTP Request,200,OK,Thread Group 1-90,text,true,343,1,1,2
1423189424390,2,HTTP Request,200,OK,Thread Group 1-91,text,true,343,1,1,2
1423189424496,2,HTTP Request,200,OK,Thread Group 1-92,text,true,343,1,1,2
1423189424596,2,HTTP Request,200,OK,Thread Group 1-93,text,true,343,1,1,2
1423189424697,2,HTTP Request,200,OK,Thread Group 1-94,text,true,343,1,1,2
1423189424796,2,HTTP Request,200,OK,Thread Group 1-95,text,true,343,1,1,2
1423189424896,2,HTTP Request,200,OK,Thread Group 1-96,text,true,343,1,1,2
1423189424992,2,HTTP Request,200,OK,Thread Group 1-97,text,true,343,1,1,2
1423189425095,2,HTTP Request,200,OK,Thread Group 1-98,text,true,343,1,1,2
1423189425197,2,HTTP Request,200,OK,Thread Group 1-99,text,true,343,1,1,2
1423189425297,2,HTTP Request,200,OK,Thread Group 1-100,text,true,343,1,1,2
4,343
2,343
1,343
1,343
2,343
2,343
2,343
2,343
2,343
3,343
2,343
2,343
3,343
2,343
2,343
2,343
2,343
2,343
2,343
2,343
2,343
2,343
2,343
2,343
2,343
1,343
2,343
1,343
2,343
2,343
2,343
2,343
2,343
2,343
2,343
2,343
2,343
2,343
2,343
2,343
2,343
2,343
3,343
3,343
2,343
2,343
2,343
2,343
2,343
2,343
2,343
2,343
2,343
2,343
2,343
2,343
2,343
2,343
2,343
2,343
2,343
2,343
2,343
3,343
3,343
2,343
2,343
2,343
2,343
2,343
2,343
2,343
2,343
2,343
2,343
2,343
2,343
2,343
2,343
3,343
2,343
2,343
2,343
2,343
2,343
2,343
2,343
2,343
2,343
2,343
2,343
2,343
2,343
2,343
2,343
2,343
2,343
2,343
2,343
3,343
3,343
2,343
2,343
2,343
2,343
2,343
2,343
2,343
2,343
2,343
3,343
3,343
2,343
2,343
2,343
2,343
2,343
2,343
2,343
2,343
3,343
2,343
1,343
2,343
2,343
3,343
3,343
2,343
2,343
3,343
2,343
2,343
2,343
2,343
1,343
2,343
2,343
2,343
2,343
3,343
2,343
2,343
2,343
2,343
2,343
2,343
2,343
2,343
3,343
2,343
2,343
2,343
2,343
2,343
2,343
2,343
2,343
1,343
2,343
2,343
2,343
2,343
2,343
2,343
2,343
2,343
2,343
2,343
2,343
2,343
2,343
2,343
2,343
2,343
2,343
2,343
2,343
2,343
2,343
2,343
2,343
2,343
2,343
2,343
3,343
2,343
2,343
2,343
2,343
2,343
2,343
2,343
2,343
1,343
2,343
2,343
2,343
2,343
2,343
2,343
4,343
2,343
2,343
2,343
2,343
2,343
2,343
2,343
2,343
2,343
2,343
2,343
2,343
2,343
2,343
2,343
2,343
2,343
3,343
2,343
2,343
2,343
3,343
3,343
2,343
2,343
2,343
2,343
2,343
2,343
2,343
2,343
2,343
2,343
2,343
2,343
2,343
2,343
3,343
2,343
2,343
2,343
2,343
3,343
2,343
2,343
2,343
2,343
3,343
2,343
2,343
2,343
2,343
2,343
2,343
2,343
2,343
2,343
2,343
2,343
2,343
2,343
2,343
2,343
2,343
2,343
2,343
3,343
3,343
2,343
1,343
1,343
2,343
2,343
2,343
2,343
2,343
2,343
2,343
2,343
2,343
1,343
2,343
2,343
3,343
3,343
2,343
2,343
2,343
2,343
2,343
2,343
2,343
2,343
2,343
2,343
2,343
2,343
2,343
2,343
3,343
3,343
2,343
2,343
2,343
2,343
2,343
3,343
2,343
2,343
2,343
2,343
2,343
2,343
2,343
2,343
2,343
2,343
2,343
2,343
2,343
1,343
2,343
2,343
2,343
2,343
2,343
2,343
2,343
3,343
2,343
2,343
2,343
2,343
2,343
2,343
2,343
2,343
2,343
2,343
2,343
2,343
2,343
2,343
2,343
2,343
2,343
2,343
2,343
2,343
2,343
2,343
2,343
2,343
2,343
2,343
2,343
2,343
2,343
2,343
2,343
2,343
3,343
2,343
2,343
2,343
2,343
2,343
2,343
2,343
2,343
2,343
3,343
3,343
2,343
2,343
2,343
2,343
2,343
2,343
2,343
2,343
2,343
2,343
2,343
2,343
2,343
2,343
2,343
2,343
2,343
2,343
2,343
2,343
2,343
2,343
2,343
2,343
2,343
2,343
37,621
2,621
2,621
2,621
2,621
2,621
2,621
2,621
2,621
2,621
2,621
2,621
2,621
2,621
2,621
2,621
1,621
2,621
3,621
2,621
2,621
2,621
2,621
2,621
2,621
2,621
3,621
2,621
2,621
2,621
2,621
3,621
1,621
3,621
2,621
2,621
2,621
2,621
2,621
3,621
2,621
2,621
2,621
2,621
2,621
3,621
3,621
3,621
3,621
3,621
3,621
3,621
2,621
2,621
2,621
2,621
2,621
2,621
2,621
2,621
2,621
2,621
3,621
2,621
2,621
2,621
1,621
2,621
2,621
3,621
2,621
2,621
1,621
2,621
2,621
2,621
2,621
2,621
2,621
2,621
2,621
2,621
2,621
2,621
2,621
2,621
3,621
2,621
2,621
2,621
3,621
2,621
2,621
2,621
1,621
2,621
2,621
2,621
2,621
2,621
5,621
2,621
2,621
2,621
2,621
2,621
2,621
2,621
2,621
2,621
3,621
2,621
1,621
2,621
2,621
2,621
3,621
2,621
2,621
2,621
3,621
2,621
2,621
2,621
2,621
2,621
2,621
2,621
2,621
2,621
2,621
40,621
2,621
2,621
2,621
2,621
2,621
2,621
2,621
2,621
2,621
2,621
2,621
2,621
2,621
2,621
2,621
2,621
2,621
3,621
2,621
2,621
2,621
2,621
2,621
2,621
2,621
2,621
2,621
2,621
2,621
2,621
2,621
2,621
2,621
2,621
2,621
2,621
2,621
2,621
2,621
2,621
3,621
2,621
2,621
3,621
2,621
2,621
2,621
2,621
3,621
1,621
2,621
2,621
2,621
2,621
2,621
2,621
2,621
3,621
2,621
2,621
2,621
2,621
2,621
3,621
2,621
2,621
2,621
3,621
3,621
2,621
2,621
2,621
2,621
2,621
3,621
2,621
2,621
2,621
2,621
2,621
3,621
2,621
2,621
2,621
2,621
2,621
2,621
2,621
1,621
2,621
2,621
2,621
2,621
2,621
2,621
2,621
2,621
2,621
2,621
2,621
2,621
2,621
2,621
2,621
2,621
2,621
2,621
2,621
2,621
2,621
2,621
2,621
2,621
2,621
2,621
2,621
2,621
2,621
2,621
2,621
2,621
3,621
3,621
2,621
2,621
2,621
2,621
2,621
2,621
2,621
2,621
2,621
2,621
2,621
2,621
2,621
2,621
2,621
2,621
2,621
2,621
2,621
2,621
1,621
2,621
2,621
3,621
2,621
1,621
2,621
2,621
1,621
3,621
2,621
3,621
2,621
2,621
2,621
3,621
2,621
2,621
2,621
2,621
2,621
3,621
2,621
2,621
3,621
2,621
2,621
2,621
2,621
2,621
2,621
2,621
2,621
2,621
3,621
3,621
3,621
2,621
2,621
2,621
2,621
3,621
2,621
3,621
3,621
3,621
2,621
2,621
2,621
2,621
2,621
2,621
2,621
2,621
2,621
2,621
2,621
2,621
2,621
3,621
2,621
2,621
2,621
2,621
2,621
2,621
2,621
2,621
2,621
2,621
2,621
2,621
2,621
2,621
2,621
3,621
2,621
3,621
2,621
2,621
2,621
2,621
3,621
2,621
2,621
2,621
2,621
2,621
2,621
3,621
2,621
1,621
2,621
2,621
2,621
2,621
1,621
2,621
2,621
2,621
2,621
2,621
2,621
2,621
2,621
2,621
2,621
2,621
2,621
1,621
2,621
2,621
2,621
2,621
2,621
2,621
2,621
2,621
2,621
2,621
2,621
2,621
2,621
2,621
2,621
43,52090
3,52090
2,52090
2,52090
2,52090
3,52090
2,52090
2,52090
2,52090
3,52090
2,52090
2,52090
3,52090
2,52090
2,52090
2,52090
2,52090
2,52090
2,52090
2,52090
2,52090
2,52090
2,52090
2,52090
2,52090
2,52090
2,52090
2,52090
2,52090
3,52090
2,52090
2,52090
2,52090
3,52090
2,52090
2,52090
2,52090
3,52090
2,52090
2,52090
2,52090
3,52090
3,52090
2,52090
2,52090
2,52090
2,52090
2,52090
2,52090
2,52090
2,52090
3,52090
2,52090
2,52090
2,52090
2,52090
2,52090
3,52090
2,52090
2,52090
2,52090
2,52090
2,52090
2,52090
2,52090
3,52090
2,52090
2,52090
2,52090
2,52090
2,52090
2,52090
3,52090
2,52090
2,52090
2,52090
2,52090
2,52090
3,52090
2,52090
2,52090
2,52090
2,52090
3,52090
2,52090
2,52090
2,52090
3,52090
2,52090
2,52090
2,52090
3,52090
2,52090
3,52090
2,52090
2,52090
2,52090
3,52090
3,52090
2,52090
3,52090
2,52090
2,52090
2,52090
2,52090
2,52090
2,52090
2,52090
2,52090
2,52090
3,52090
2,52090
2,52090
2,52090
2,52090
2,52090
2,52090
2,52090
2,52090
3,52090
3,52090
2,52090
2,52090
2,52090
3,52090
2,52090
2,52090
2,52090
2,52090
2,52090
2,52090
2,52090
2,52090
2,52090
2,52090
2,52090
2,52090
2,52090
2,52090
2,52090
2,52090
2,52090
2,52090
2,52090
2,52090
2,52090
2,52090
2,52090
2,52090
2,52090
2,52090
2,52090
2,52090
2,52090
2,52090
2,52090
3,52090
3,52090
2,52090
2,52090
2,52090
2,52090
2,52090
2,52090
2,52090
3,52090
2,52090
2,52090
2,52090
3,52090
2,52090
2,52090
2,52090
2,52090
2,52090
3,52090
2,52090
2,52090
3,52090
2,52090
2,52090
2,52090
2,52090
2,52090
2,52090
3,52090
3,52090
2,52090
3,52090
2,52090
2,52090
2,52090
2,52090
2,52090
2,52090
2,52090
3,52090
2,52090
3,52090
3,52090
2,52090
2,52090
2,52090
2,52090
2,52090
2,52090
2,52090
2,52090
3,52090
3,52090
2,52090
3,52090
2,52090
2,52090
2,52090
2,52090
3,52090
2,52090
2,52090
2,52090
2,52090
2,52090
2,52090
3,52090
2,52090
2,52090
2,52090
2,52090
3,52090
2,52090
2,52090
2,52090
2,52090
2,52090
2,52090
2,52090
2,52090
3,52090
3,52090
2,52090
2,52090
2,52090
3,52090
2,52090
2,52090
2,52090
2,52090
3,52090
2,52090
2,52090
2,52090
2,52090
2,52090
2,52090
2,52090
3,52090
3,52090
2,52090
2,52090
2,52090
3,52090
3,52090
3,52090
2,52090
2,52090
3,52090
3,52090
2,52090
3,52090
2,52090
2,52090
2,52090
3,52090
2,52090
2,52090
2,52090
2,52090
2,52090
2,52090
2,52090
2,52090
2,52090
2,52090
2,52090
2,52090
2,52090
2,52090
3,52090
2,52090
2,52090
3,52090
2,52090
3,52090
2,52090
3,52090
3,52090
2,52090
3,52090
2,52090
3,52090
4,52090
3,52090
3,52090
2,52090
2,52090
2,52090
2,52090
2,52090
2,52090
2,52090
2,52090
3,52090
3,52090
2,52090
2,52090
2,52090
2,52090
2,52090
2,52090
2,52090
2,52090
2,52090
2,52090
2,52090
2,52090
3,52090
2,52090
2,52090
2,52090
2,52090
3,52090
2,52090
2,52090
2,52090
2,52090
2,52090
2,52090
2,52090
2,52090
2,52090
2,52090
2,52090
2,52090
2,52090
2,52090
2,52090
2,52090
2,52090
3,52090
2,52090
2,52090
2,52090
2,52090
3,52090
2,52090
3,52090
2,52090
2,52090
3,52090
2,52090
2,52090
3,52090
2,52090
3,52090
3,52090
2,52090
2,52090
2,52090
2,52090
2,52090
2,52090
3,52090
2,52090
2,52090
2,52090
2,52090
2,52090
2,52090
2,52090
2,52090
2,52090
2,52090
2,52090
2,52090
3,52090
2,52090
2,52090
3,52090
2,52090
2,52090
2,52090
2,52090
2,52090
2,52090
2,52090
2,52090
2,52090
2,52090
2,52090
2,52090
3,52090
2,52090
2,52090
2,52090
3,52090
2,52090
2,52090
3,52090
2,52090
2,52090
2,52090
2,52090
2,52090
3,52090
2,52090
3,52090
2,52090
2,52090
2,52090
2,52090
2,52090
2,52090
2,52090
2,52090
2,52090
2,52090
2,52090
2,52090
2,52090
2,52090
3,52090
2,52090
2,52090
2,52090
3,52090
3,52090
2,52090
2,52090
2,52090
2,52090
2,52090
2,52090
2,52090
2,52090
3,52090
3,52090
2,52090
2,52090
2,52090
3,52090
2,52090
2,52090
2,52090
2,52090
2,52090
3,52090
2,52090
2,52090
2,52090
2,52090
1,52090
2,52090
2,52090
2,52090
2,52090
2,52090
2,52090
2,52090
2,52090
2,52090
2,52090
2,52090
2,52090
2,52090
2,52090
2,52090
2,52090
2,52090
2,52090
2,52090
2,52090
2,52090
2,52090
2,52090
2,52090
3,52090
3,52090
2,52090
2,52090
2,52090
2,52090
1,52090
2,52090
2,52090
2,52090
2,52090
2,52090
2,52090
2,52090
3,52090
68,560133
2,560132
2,560132
1,560132
1,560132
2,560133
2,560132
1,560132
1,560132
1,560132
2,560133
1,560132
1,560132
1,560132
1,560132
3,560133
1,560132
2,560132
1,560132
1,560132
2,560133
2,560132
1,560132
2,560132
1,560132
2,560133
1,560132
1,560132
1,560132
1,560132
2,560133
1,560132
1,560132
1,560132
1,560132
2,560133
1,560132
2,560132
1,560132
2,560132
2,560133
2,560132
2,560132
1,560132
2,560132
2,560133
1,560132
2,560132
2,560132
1,560132
3,560133
1,560132
1,560132
1,560132
1,560132
3,560133
1,560132
2,560132
2,560132
1,560132
2,560133
1,560132
1,560132
1,560132
1,560132
2,560133
1,560132
2,560132
1,560132
5,560132
3,560133
2,560132
2,560132
2,560132
1,560132
3,560133
1,560132
1,560132
1,560132
1,560132
2,560133
2,560132
1,560132
1,560132
1,560132
3,560133
2,560132
1,560132
1,560132
1,560132
3,560133
1,560132
1,560132
1,560132
1,560132
2,560133
2,560132
1,560132
1,560132
2,560132
2,560133
2,560132
1,560132
2,560132
2,560132
3,560133
2,560132
2,560132
3,560132
1,560132
3,560133
2,560132
3,560132
2,560132
3,560132
2,560133
3,560132
2,560132
3,560132
2,560132
3,560133
1,560132
3,560132
3,560132
3,560132
7,560133
1,560132
4,560132
2,560132
1,560132
2,560133
1,560132
3,560132
2,560132
3,560132
2,560133
1,560132
3,560132
3,560132
9,560132
2,560133
1,560132
3,560132
4,560132
2,560132
3,560133
2,560132
3,560132
3,560132
4,560132
2,560133
1,560132
3,560132
3,560132
4,560132
2,560133
2,560132
3,560132
3,560132
3,560132
2,560133
2,560132
3,560132
3,560132
3,560132
3,560133
1,560132
4,560132
4,560132
3,560132
3,560133
1,560132
3,560132
3,560132
4,560132
2,560133
1,560132
3,560132
3,560132
4,560132
2,560133
1,560132
2,560132
4,560132
3,560132
3,560133
2,560132
3,560132
3,560132
4,560132
2,560133
2,560132
3,560132
3,560132
4,560132
3,560133
2,560132
3,560132
3,560132
3,560132
2,560133
2,560132
3,560132
1,560132
4,560132
3,560133
2,560132
2,560132
5,560132
3,560132
2,560133
1,560132
3,560132
3,560132
4,560132
2,560133
2,560132
3,560132
3,560132
2,560132
2,560133
1,560132
3,560132
3,560132
3,560132
2,560133
2,560132
2,560132
3,560132
3,560132
3,560133
1,560132
2,560132
3,560132
3,560132
3,560133
1,560132
3,560132
3,560132
3,560132
3,560133
1,560132
4,560132
4,560132
3,560132
2,560133
1,560132
3,560132
2,560132
4,560132
3,560133
1,560132
2,560132
3,560132
2,560132
3,560133
2,560132
2,560132
4,560132
3,560132
3,560133
2,560132
3,560132
3,560132
3,560132
3,560133
1,560132
9,560132
3,560132
2,560132
3,560133
2,560132
3,560132
3,560132
3,560132
3,560133
2,560132
3,560132
3,560132
3,560132
3,560133
2,560132
4,560132
4,560132
3,560132
2,560133
3,560132
4,560132
2,560132
3,560132
2,560133
2,560132
3,560132
3,560132
3,560132
2,560133
1,560132
3,560132
4,560132
4,560132
2,560133
1,560132
2,560132
4,560132
4,560132
2,560133
2,560132
2,560132
2,560132
3,560132
2,560133
2,560132
3,560132
3,560132
3,560132
3,560133
2,560132
4,560132
3,560132
4,560132
2,560133
3,560132
4,560132
3,560132
2,560132
2,560133
1,560132
3,560132
4,560132
4,560132
2,560133
9,560132
3,560132
2,560132
3,560132
2,560133
1,560132
2,560132
3,560132
3,560132
3,560133
2,560132
3,560132
2,560132
3,560132
2,560133
2,560132
2,560132
3,560132
3,560132
3,560133
1,560132
4,560132
2,560132
3,560132
3,560133
2,560132
4,560132
4,560132
3,560132
3,560133
2,560132
4,560132
4,560132
3,560132
3,560133
2,560132
2,560132
2,560132
1,560132
3,560133
2,560132
3,560132
3,560132
2,560132
2,560133
2,560132
3,560132
3,560132
2,560132
3,560133
2,560132
3,560132
2,560132
3,560132
2,560133
1,560132
3,560132
3,560132
3,560132
3,560133
2,560132
4,560132
4,560132
4,560132
3,560133
2,560132
4,560132
4,560132
3,560132
3,560133
2,560132
4,560132
3,560132
3,560132
2,560133
1,560132
4,560132
3,560132
2,560132
2,560133
2,560132
3,560132
3,560132
3,560132
3,560133
2,560132
4,560132
4,560132
3,560132
3,560133
1,560132
4,560132
3,560132
4,560132
2,560133
2,560132
3,560132
3,560132
3,560132
3,560133
2,560132
3,560132
3,560132
3,560132
3,560133
2,560132
3,560132
3,560132
4,560132
2,560133
1,560132
4,560132
3,560132
3,560132
2,560133
1,560132
4,560132
3,560132
3,560132
2,560133
2,560132
3,560132
2,560132
1,560132
3,560133
2,560132
2,560132
3,560132
3,560132
2,560133
1,560132
4,560132
2,560132
2,560132
3,560133
2,560132
3,560132
3,560132
4,560132
2,560133
1,560132
4,560132
3,560132
3,560132
3,560133
2,560132
4,560132
2,560132
3,560132
3,560133
2,560132
3,560132
3,560132
3,560132
3,560133
1,560132
3,560132
4,560132
3,560132
3,560133
2,560132
4,560132
2,560132
3,560132
3,560133
1,560132
3,560132
4,560132
3,560132
92,1302546
293,1302546
191,1302546
3,1302545
3,1302545
3,1302545
3,1302545
3,1302545
4,1302545
4,1302545
3,1302545
4,1302545
4,1302545
6,1302545
3,1302545
12,1302546
3,1302545
2,1302545
2,1302545
2,1302545
3,1302546
2,1302545
2,1302545
2,1302545
2,1302545
3,1302546
5,1302545
2,1302545
1,1302545
1,1302545
3,1302546
3,1302545
5,1302545
3,1302545
4,1302545
3,1302546
5,1302545
4,1302545
4,1302545
6,1302545
3,1302546
4,1302545
5,1302545
5,1302545
5,1302545
4,1302546
3,1302545
5,1302545
3,1302545
4,1302545
4,1302546
4,1302545
4,1302545
5,1302545
3,1302545
4,1302546
4,1302545
4,1302545
4,1302545
4,1302545
7,1302546
3,1302545
4,1302545
4,1302545
5,1302545
4,1302546
4,1302545
4,1302545
4,1302545
5,1302545
3,1302546
3,1302545
5,1302545
5,1302545
5,1302545
4,1302546
4,1302545
5,1302545
3,1302545
5,1302545
4,1302546
4,1302545
4,1302545
4,1302545
5,1302545
4,1302546
4,1302545
3,1302545
4,1302545
4,1302545
4,1302546
4,1302545
5,1302545
4,1302545
4,1302545
9,1302546
4,1302545
5,1302545
4,1302545
4,1302545
3,1302546
3,1302545
5,1302545
5,1302545
4,1302545
4,1302546
4,1302545
5,1302545
4,1302545
5,1302545
4,1302546
4,1302545
5,1302545
4,1302545
5,1302545
4,1302546
3,1302545
5,1302545
4,1302545
5,1302545
4,1302546
4,1302545
5,1302545
5,1302545
5,1302545
4,1302546
3,1302545
6,1302545
5,1302545
4,1302545
8,1302546
3,1302545
4,1302545
3,1302545
4,1302545
3,1302546
3,1302545
5,1302545
4,1302545
4,1302545
3,1302546
3,1302545
6,1302545
5,1302545
6,1302545
4,1302546
4,1302545
5,1302545
4,1302545
5,1302545
3,1302546
3,1302545
5,1302545
5,1302545
5,1302545
4,1302546
4,1302545
5,1302545
5,1302545
5,1302545
3,1302546
3,1302545
5,1302545
4,1302545
5,1302545
3,1302546
9,1302545
4,1302545
4,1302545
4,1302545
4,1302546
3,1302545
5,1302545
5,1302545
4,1302545
4,1302546
3,1302545
5,1302545
4,1302545
5,1302545
3,1302546
3,1302545
6,1302545
5,1302545
6,1302545
4,1302546
3,1302545
4,1302545
5,1302545
4,1302545
3,1302546
3,1302545
5,1302545
4,1302545
3,1302545
4,1302546
2,1302545
4,1302545
3,1302545
4,1302545
3,1302546
9,1302545
5,1302545
4,1302545
4,1302545
3,1302546
3,1302545
5,1302545
4,1302545
4,1302545
3,1302546
2,1302545
4,1302545
3,1302545
4,1302545
4,1302546
4,1302545
4,1302545
5,1302545
5,1302545
3,1302546
4,1302545
4,1302545
5,1302545
5,1302545
3,1302546
3,1302545
5,1302545
5,1302545
5,1302545
3,1302546
3,1302545
4,1302545
3,1302545
3,1302545
4,1302546
3,1302545
10,1302545
5,1302545
4,1302545
4,1302546
3,1302545
4,1302545
4,1302545
5,1302545
4,1302546
3,1302545
4,1302545
5,1302545
3,1302545
4,1302546
3,1302545
4,1302545
5,1302545
5,1302545
4,1302546
3,1302545
5,1302545
3,1302545
5,1302545
4,1302546
3,1302545
4,1302545
3,1302545
4,1302545
3,1302546
3,1302545
5,1302545
5,1302545
5,1302545
4,1302546
3,1302545
11,1302545
4,1302545
4,1302545
4,1302546
3,1302545
5,1302545
3,1302545
4,1302545
4,1302546
4,1302545
4,1302545
3,1302545
6,1302545
4,1302546
4,1302545
5,1302545
4,1302545
6,1302545
4,1302546
3,1302545
5,1302545
5,1302545
6,1302545
4,1302546
3,1302545
5,1302545
4,1302545
6,1302545
4,1302546
3,1302545
5,1302545
4,1302545
6,1302545
4,1302546
3,1302545
6,1302545
12,1302545
4,1302545
3,1302546
3,1302545
5,1302545
5,1302545
5,1302545
4,1302546
4,1302545
6,1302545
4,1302545
5,1302545
4,1302546
3,1302545
5,1302545
3,1302545
5,1302545
4,1302546
3,1302545
6,1302545
5,1302545
5,1302545
3,1302546
4,1302545
5,1302545
5,1302545
5,1302545
4,1302546
3,1302545
5,1302545
4,1302545
5,1302545
3,1302546
3,1302545
4,1302545
5,1302545
11,1302545
4,1302546
3,1302545
5,1302545
5,1302545
5,1302545
4,1302546
3,1302545
5,1302545
5,1302545
5,1302545
4,1302546
4,1302545
4,1302545
5,1302545
4,1302545
3,1302546
3,1302545
5,1302545
4,1302545
5,1302545
4,1302546
4,1302545
5,1302545
5,1302545
5,1302545
4,1302546
3,1302545
6,1302545
4,1302545
4,1302545
3,1302546
3,1302545
5,1302545
5,1302545
5,1302545
11,1302546
3,1302545
4,1302545
5,1302545
5,1302545
3,1302546
3,1302545
5,1302545
5,1302545
5,1302545
4,1302546
3,1302545
5,1302545
5,1302545
5,1302545
3,1302546
3,1302545
6,1302545
4,1302545
5,1302545
3,1302546
3,1302545
5,1302545
5,1302545
5,1302545
3,1302546
3,1302545
6,1302545
4,1302545
5,1302545
4,1302546
4,1302545
5,1302545
5,1302545
5,1302545
3,1302546
13,1302545
4,1302545
5,1302545
5,1302545
3,1302546
3,1302545
5,1302545
4,1302545
4,1302545
3,1302546
4,1302545
4,1302545
3,1302545
4,1302545
4,1302546
4,1302545
4,1302545
4,1302545
5,1302545
3,1302546
3,1302545
5,1302545
3,1302545
4,1302545
4,1302546
4,1302545
5,1302545
5,1302545
5,1302545
3,1302546
3,1302545
5,1302545
5,1302545
3,1302545
4,1302546
3,1302545
4,1302545
5,1302545
5,1302545
3,1302546
3,1302545
5,1302545
6,1302545
5,1302545
3,1302546
4,1302545
4,1302545
5,1302545
4,1302545
3,1302546
3,1302545
5,1302545
5,1302545
4,1302545
4,1302546
4,1302545
5,1302545
5,1302545
4,1302545
3,1302546
3,1302545
4,1302545
5,1302545
4,1302545
3,1302546
4,1302545
4,1302545
5,1302545
4,1302545
3,1302546
3,1302545
5,1302545
4,1302545
14,1302545
4,1302546
3,1302545
5,1302545
5,1302545
4,1302545
3,1302546
2,1302545
5,1302545
4,1302545
5,1302545
